cam,huh,kid,far,cat,car,bur,sic,you,gag,kit,ape,elm,joy,pie,mist,curd,joey,icy
bet,rat,use,ark,gal,yen,sum,pun,erg,san,ore,dab,pep,dip,bout,wake,fads,cowl,aye
tan,rep,tie,fig,jug,bra,hay,nut,rev,sec,cog,pet,yew,all,whim,pill,sips,dole,rom
mud,pin,cry,rem,sue,yea,toy,tag,net,amp,eon,abe,non,oar,knew,smug,putt,weds,dry
doc,law,oaf,opt,ram,coo,tip,dun,boo,log,sad,sly,dux,hit,tiny,scab,part,best,sob
old,thy,sup,oak,dan,hew,alb,sir,ivy,pip,sky,mom,den,led,burs,lips,cane,zeta,who
ire,lid,gum,cud,ion,sew,not,rig,win,cod,put,fur,bus,yes,exes,gaud,pros,fogy,apt
pry,saw,wet,ave,pug,sea,lee,see,pad,die,men,cur,did,way,jigs,zulu,rake,keen,jut
eke,pen,mar,low,mat,hex,how,pop,ext,hue,for,mug,let,orb,pith,term,frog,teds,bug
any,ken,elk,paw,arm,owe,tot,lea,biz,map,dye,fan,gay,rob,tahr,slum,fend,homy,yam
him,fob,duo,her,soh,pot,bar,our,lug,new,woo,tea,gym,ewe,nail,agar,cash,duet,aga
tee,mid,had,foe,art,fit,fib,bel,wig,tau,yip,sot,fat,lot,hoes,teen,wins,late,dub
wit,dee,dot,caw,err,nab,tow,aby,elf,are,vat,yet,ive,ass,amen,rose,hose,diva,lay
hut,olm,nee,sat,jew,rot,fog,rum,gas,bee,met,mew,pod,hmm,only,stew,cuds,tick,job
war,cad,zap,bin,jet,dud,urn,gel,bid,zip,sag,now,ole,wan,bull,vans,scar,flap,ear
ems,hid,per,guy,bob,don,few,nil,bed,els,hip,vex,ooh,sen,chic,figs,mold,bard,aim
but,fug,cup,imp,oat,lag,cor,god,deb,pub,gin,nun,fop,eta,neon,hunt,peel,lugs,egg
ant,pap,dug,mow,pre,wow,ace,pal,pig,gem,bun,aft,ell,own,ball,walk,fool,dent,dad
vet,via,lux,jab,lls,bah,cow,bye,fed,eel,six,bap,fix,jaw,cape,togo,gave,flax,lie
ref,wee,man,lax,pit,can,pat,alt,cox,fry,key,son,try,ode,foxy,crag,brim,jeep,rip
rib,bad,sos,zoo,fen,cab,lap,set,inn,jap,eat,ado,raw,rid,wise,born,ping,pegs,yaw
the,tit,nor,ran,maw,mod,add,veg,boa,woe,tub,tat,raj,leg,trad,rots,feed,fang,lop
zag,mum,ail,gap,big,wax,bud,hug,hic,lam,ben,pay,age,hat,oner,ages,pity,alga,gab
arc,gig,cub,row,rut,keg,fax,fox,rub,asp,red,ski,fir,tar,magi,dame,fags,goes,bub
tun,spy,yak,era,fin,mob,get,peg,nap,lur,rug,est,pan,uke,ibex,omit,aged,limo,roe
mad,auk,its,gad,tax,rad,soy,run,zig,bat,mix,pew,sap,day,book,rues,doer,jack,sty
cob,coy,hum,tab,dew,nit,roc,dor,ids,ice,rye,roo,alp,pup,dday,musk,yeti,ants,rim
sop,due,cop,aha,hob,dog,sip,ala,fez,nag,ban,hub,axe,bop,door,olms,lacy,hake,yrs
mrs,gen,wad,hot,pus,dig,cot,nip,sun,jog,sow,end,sud,soso,leat,lyre,link,else,baa
lab,ink,too,din,jag,two,ten,ply,may,vow,tug,pox,ufo,riot,fuel,roam,rage,nods,ego
awn,jam,ham,fee,rod,ted,pro,las,kin,lip,ate,ash,web,char,size,utah,wage,card,wag
yap,was,beg,emu,ale,hog,ere,moo,bag,nib,wry,she,nod,liny,deed,iota,lead,bart,yep
ton,wed,tog,top,bum,rag,ray,buy,odd,mac,ohm,qua,lad,poor,beak,mark,wile,bern,par
one,col,hen,hop,vim,owl,spa,gnu,sit,ova,vie,sex,ill,outs,bred,dude,gobi,inca,rho
ilk,oft,sin,oil,jot,fun,hod,hoe,bow,lit,sod,fad,out,colt,alms,ails,ring,wets,nay
jar,shy,eye,wok,ups,boy,goo,got,rap,air,aid,ask,fab,gels,dice,chop,rave,bans,hag
tin,cap,bay,tic,mop,doe,tap,jay,loo,cue,act,gun,doh,tomb,tusk,murk,foul,clam,dam
con,toe,off,hey,irk,box,bog,ana,sam,fly,lye,dim,say,peak,ware,cubs,surf,rusk,ria
eve,has,van,gut,ins,sub,ebb,awe,mag,ifs,fro,sac,his,wilt,pimp,mime,naps,help,why
bit,hem,and,yon,sis,ago,won,mas,fag,rue,bib,cut,lob,tact,pion,twit,sago,paws,pea
